{
  "checkpoint": "runs\\TE_run_1\\best_val_model.pth",
  "mode": "te",
  "train_scope": "full",
  "train_noise": 0.01,
  "test_noise_levels": [
    0.0,
    0.001,
    0.005,
    0.01,
    0.02,
    0.05
  ],
  "epochs": 40,
  "lr": 0.0001,
  "batch_size": 16,
  "optimizer": "adam",
  "seed": 42,
  "best_loss": 1.4120312369764665,
  "train_time_sec": 991.2075436115265,
  "selected_checkpoint": "experiments\\noise_rescue\\te_ft_p001\\best_val_model.pth",
  "before": {
    "0.0": {
      "rel_l2_u": 24.561325345698336,
      "mse_u": 0.013611024480509064,
      "max_err_u": 0.29135257508448287
    },
    "0.001": {
      "rel_l2_u": 24.97787992238319,
      "mse_u": 0.01407661932722092,
      "max_err_u": 0.29484149766792667
    },
    "0.005": {
      "rel_l2_u": 26.68526132082477,
      "mse_u": 0.01606682781285095,
      "max_err_u": 0.3092632382101673
    },
    "0.01": {
      "rel_l2_u": 28.899094805041862,
      "mse_u": 0.01884324516742738,
      "max_err_u": 0.3283199614837009
    },
    "0.02": {
      "rel_l2_u": 33.52314600927919,
      "mse_u": 0.025355767245485116,
      "max_err_u": 0.36968691035317136
    },
    "0.05": {
      "rel_l2_u": 48.04444251991581,
      "mse_u": 0.05208030706217925,
      "max_err_u": 0.51422877855918
    }
  },
  "after": {
    "0.0": {
      "rel_l2_u": 22.2391633100208,
      "mse_u": 0.011158969930465562,
      "max_err_u": 0.26990529140687725
    },
    "0.001": {
      "rel_l2_u": 22.539450421796186,
      "mse_u": 0.01146235524620598,
      "max_err_u": 0.271889758999055
    },
    "0.005": {
      "rel_l2_u": 23.819661178246292,
      "mse_u": 0.012801426835710615,
      "max_err_u": 0.27994317509562294
    },
    "0.01": {
      "rel_l2_u": 25.57759500589501,
      "mse_u": 0.01476068907681853,
      "max_err_u": 0.29025297020164764
    },
    "0.02": {
      "rel_l2_u": 29.505544048800804,
      "mse_u": 0.01964239648695479,
      "max_err_u": 0.32370571245475055
    },
    "0.05": {
      "rel_l2_u": 43.050336258537776,
      "mse_u": 0.041815790885144706,
      "max_err_u": 0.4561455225213581
    }
  }
}