{
  "te_clean": {
    "0.0": {
      "rel_l2_u": 24.561325345698336,
      "mse_u": 0.013611024480509064,
      "max_err_u": 0.29135257508448287,
      "eval_time": 0.07931184768676758
    },
    "0.001": {
      "rel_l2_u": 24.97787992238319,
      "mse_u": 0.01407661932722092,
      "max_err_u": 0.29484149766792667,
      "eval_time": 11.6643226146698
    },
    "0.005": {
      "rel_l2_u": 26.68526132082477,
      "mse_u": 0.01606682781285095,
      "max_err_u": 0.3092632382101673,
      "eval_time": 11.72687315940857
    },
    "0.01": {
      "rel_l2_u": 28.899094805041862,
      "mse_u": 0.01884324516742738,
      "max_err_u": 0.3283199614837009,
      "eval_time": 11.713183164596558
    },
    "0.02": {
      "rel_l2_u": 33.52314600927919,
      "mse_u": 0.025355767245485116,
      "max_err_u": 0.36968691035317136,
      "eval_time": 11.822403192520142
    },
    "0.05": {
      "rel_l2_u": 48.04444251991581,
      "mse_u": 0.05208030706217925,
      "max_err_u": 0.51422877855918,
      "eval_time": 11.874220609664917
    }
  },
  "baseline_clean": {
    "0.0": {
      "rel_l2_u": 33.00149385794132,
      "mse_u": 0.024572787091557614,
      "max_err_u": 0.4014187954303029,
      "eval_time": 0.020363807678222656
    },
    "0.001": {
      "rel_l2_u": 33.40114924719204,
      "mse_u": 0.025171554646436518,
      "max_err_u": 0.3999858524905262,
      "eval_time": 11.882785558700562
    },
    "0.005": {
      "rel_l2_u": 36.476207791155886,
      "mse_u": 0.03001971614195706,
      "max_err_u": 0.428887307605308,
      "eval_time": 11.85480785369873
    },
    "0.01": {
      "rel_l2_u": 42.938531424802214,
      "mse_u": 0.04159887566322881,
      "max_err_u": 0.5137018465459868,
      "eval_time": 11.776984930038452
    },
    "0.02": {
      "rel_l2_u": 60.28034827113801,
      "mse_u": 0.08198581624724868,
      "max_err_u": 0.7133725879748722,
      "eval_time": 11.75342869758606
    },
    "0.05": {
      "rel_l2_u": 110.25766756117557,
      "mse_u": 0.27428674533919284,
      "max_err_u": 1.2872207102227289,
      "eval_time": 11.770785331726074
    }
  }
}